"DWE","DWE"
"E2","E2"
"E3","E3"
"PHY","PHY"
"ML","ML"
"ESC","ESC"
"B1","B1"
"LIB","LIB"
"AL","AL"
"EV1","EV1"
"RCH","RCH"
"CSB","CSB"
"B2","B2"
"GSC","GSC"
"COM","COM"
"SCH","SCH"
"MC","MC"
"PAC","PAC"
"SLC","SLC"
"V1","V1"
"V1C","V1C"
"VE1","VE1"
"VE2","VE2"
"VE3","VE3"
"VE4","VE4"
"VE5","VE5"
"VE6","VE6"
"VN1","VN1"
"VN2","VN2"
"VN3","VN3"
"VN4","VN4"
"VN5","VN5"
"VN6","VN6"
"VS1","VS1"
"VS2","VS2"
"VS3","VS3"
"VS4","VS4"
"VS5","VS5"
"VS6","VS6"
"VS7","VS7"
"VS8","VS8"
"VW1","VW1"
"VW2","VW2"
"VW3","VW3"
"VW4","VW4"
"VW5","VW5"
"VW6","VW6"
"TH","TH"
"HS","HS"
"MHR","MHR"
"HH","HH"
"REV","REV"
"REC","REC"
"VE","VE"
"VEA","VEA"
"VEB","VEB"
"VEC","VEC"
"VED","VED"
"VEE","VEE"
"VEL","VEL"
"VN","VN"
"VNA","VNA"
"VNB","VNB"
"VNC","VNC"
"VND","VND"
"VNE","VNE"
"VNL","VNL"
"VS","VS"
"VSA","VSA"
"VSB","VSB"
"VSC","VSC"
"VSD","VSD"
"VSE","VSE"
"VSL","VSL"
"VW","VW"
"VWA","VWA"
"VWB","VWB"
"VWC","VWC"
"VWD","VWD"
"VWE","VWE"
"VWL","VWL"
"UWP","UWP"
"UCC","UCC"
"UEC","UEC"
"UET","UET"
"UNC","UNC"
"USC","USC"
"UWC","UWC"
"UWT","UWT"
"UC","UC"
"C2","C2"
"CPH","CPH"
"PAS","PAS"
"NH","NH"
"BMH","BMH"
"OPT","OPT"
"EV2","EV2"
"FED","FED"
"ECH","ECH"
"DC","DC"
"EIT","EIT"
"BAU","BAU"
"COG","COG"
"CIF","CIF"
"CLV","CLV"
"CTA","CTA"
"CTB","CTB"
"CTC","CTC"
"CTD","CTD"
"CTE","CTE"
"CTF","CTF"
"CTG","CTG"
"CTH","CTH"
"CTJ","CTJ"
"CTK","CTK"
"CTL","CTL"
"CTM","CTM"
"CTN","CTN"
"CTP","CTP"
"CTQ","CTQ"
"MKV","MKV"
"MKV","MKV"
"MKE","MKE"
"MKW","MKW"
"TC","TC"
"ARC","ARC"
"ERC","ERC"
"PHR","PHR"
"QNC","QNC"
"RAC","RAC"
"IHB","IHB"
"E5","E5"
"STC","STC"
"DMS","DMS"
"M3","M3"
"EV3","EV3"
"RA2","RA2"
"ART","ART"
"E6","E6"
"TJB","TJB"
"EC1","EC1"
"EC2","EC2"
"EC3","EC3"
"EC4","EC4"
"EC5","EC5"
"E7","E7"
"CMH","CMH"
"ST2","ST2"
"TUN","TUN"
"GST","GST"
"KKS","KKS"
"EV","EV"
"MV","MV"
"POV","POV"
"PT","PT"
"TEN","TEN"
"SGR","SGR"
"GH","GH"
"DB","DB"
"BRH","BRH"
"KDC","KDC"
"HMN","HMN"
"BEG","BEG"
"AN3","AN3"
"TUL","TUL"
"AB","AB"
"AH","AH"
"AS","AS"
"GA","GA"
"KGC","KGC"
"FRF","FRF"
"PTB","PTB"
"PTG","PTG"
"VS","VS"
"VSS","VSS"
"AAR","AAR"
"ACW","ACW"
"WFF","WFF"
"MRS","MRS"
"SCO","SCO"
"KSW","KSW"
"HSC","HSC"
"UAE","UAE"
"WSS","WSS"
"BSC","BSC"
"ASA","ASA"
"CIGI","CIGI"
"VG","VG"
"GSK","GSK"
"WCP","WCP"
"MWS","MWS"
"MTT","MTT"
"CSA","CSA"
"PGC","PGC"
"TEC","TEC"
"STM","STM"
"LHI","LHI"
"STJ","STJ"
"STJ-SW","STJ-SW"
"STJ-SWA","STJ-SWA"
"STJ-FR","STJ-FR"
"STJ-LH","STJ-LH"
"STJ-CB","STJ-CB"
"STJ-AC","STJ-AC"
"STJ-RC","STJ-RC"
"REN","REN"
"REN-OB","REN-OB"
"REN","REN"
"REN","REN"
"REN","REN"
"REN","REN"
"STP","STP"
"STP-ADMIN","STP-ADMIN"
"STP-WW","STP-WW"
"STP-EW","STP-EW"
"STP-GRAD","STP-GRAD"
"STP-NW","STP-NW"
"CGR","CGR"
"CGR","CGR"
"CGR","CGR"
"CGR","CGR"
"CGR","CGR"
"CGR","CGR"
"CLN","CLN"
"L01","L01"
"L02","L02"
"L03","L03"
"L04","L04"
"L05","L05"
"L06","L06"
"L07","L07"
"L08","L08"
"L09","L09"
"L10","L10"
"L11","L11"
"L12","L12"
"L13","L13"
"L14","L14"
"L15","L15"
"L16","L16"
"L17","L17"
"L18","L18"
"L19","L19"
"L20","L20"
"L21","L21"
"L22","L22"
"L23","L23"
"L24","L24"
"L25","L25"
"L26","L26"
"L27","L27"
"L28","L28"
"L29","L29"
"L30","L30"
"L31","L31"
"L32","L32"
"L33","L33"
"L34","L34"
"L35","L35"
"SCS","SCS"
"AHS","AHS"
"SCN","SCN"
"CGB","CGB"
"VLG","VLG"
"MHG","MHG"
"FCG","FCG"
"GAG","GAG"
"MSG","MSG"
"GRH","GRH"
"NCG","NCG"
"BAG","BAG"
"LL","LL"
"SCG","SCG"